country,country_code,year,adult_pop,region,income_group,percent_with_fin_account,percent_with_fin_account_formal,percent_with_mobile_account,account_female,account_male,account_poor40,account_rich60,account_prim_less,account_sec_more,gdp_per_capita,region_geo
Albania,ALB,2024,2278004.0,Europe & Central Asia (excluding high income),Upper middle income,0.460692506,0.460692506,,41.1560488283684,51.4508986584924,30.1748781570827,56.6571758065027,26.2017574802131,62.2576595866938,11377.7757431099,Europe & Central Asia
Algeria,DZA,2024,32019804.0,Middle East & North Africa (excluding high income),Lower middle income,0.352901069,0.352901069,,18.0709885603285,51.8629151446207,31.248963734877,37.9769930072596,25.0171288171979,38.8389220041372,5752.99076651465,"Middle East, North Africa, Afghanistan & Pakistan"
Argentina,ARG,2024,35433130.0,Latin America & Caribbean (excluding high income),Upper middle income,0.817442447,0.728989947,0.567395437,84.2497432521024,78.939553062565,74.6649664777064,86.4417641162173,62.9313926179087,88.2990052725598,13969.7836603737,Latin America & Caribbean 
Armenia,ARM,2024,2406318.0,Europe & Central Asia (excluding high income),Upper middle income,0.713734735,0.705332707,0.173602692,67.9879799098157,75.5669244748589,64.0431618561374,76.237141203434,57.4522223529168,72.6496184207406,8556.21406956719,Europe & Central Asia
Australia,AUS,2024,21852264.0,High income,High income,0.980103778,0.980103778,,97.7243209573911,98.3026509430008,96.8175014225166,98.806206248416,83.7759315262171,98.4907262732719,64603.9856308464,East Asia & Pacific
Austria,AUT,2024,7825678.0,High income,High income,0.995084975,0.995084975,,99.1873269882702,99.8378902484104,99.1909686711131,99.7193237132866,100.0,99.469280857145,58268.8787651601,Europe & Central Asia
Azerbaijan,AZE,2024,7885113.0,Europe & Central Asia (excluding high income),Upper middle income,0.563046655573957,0.563046655573957,,46.1732591791453,67.0043773076741,41.1579115269579,66.3794766487029,39.9877544909509,58.623904682475,7283.8499076179,Europe & Central Asia
Bahrain,BHR,2024,1277545.0,High income,High income,0.823220521,0.823220521,,83.0178852537418,81.9582393316251,77.338312091395,85.6405687623755,68.0918556590376,84.6367058620065,29653.5682731534,"Middle East, North Africa, Afghanistan & Pakistan"
Bangladesh,BGD,2024,122837439.0,South Asia (excluding high income),Lower middle income,0.432839733,0.329478937,0.207683726,33.346000280938,53.5110284170371,35.5467073317195,48.1890552430875,31.1710966547941,50.2705197195129,2593.41611680774,South Asia
Belgium,BEL,2024,9867164.0,High income,High income,0.982369093,0.982369093,,97.9206258791414,98.5689342561123,98.7161845506194,97.9177344321467,87.7610686377246,98.7376657340487,56614.5679499036,Europe & Central Asia
Belize,BLZ,2024,300138.0,Latin America & Caribbean (excluding high income),Upper middle income,0.679682002,0.673044577,0.136663451,65.1819147470622,71.0650824980445,63.7647608887268,70.7706158218454,55.3456424872489,78.8154652540576,7681.24400583113,Latin America & Caribbean 
Benin,BEN,2024,8207504.0,Sub-Saharan Africa (excluding high income),Lower middle income,0.51843206,0.199061778,0.448728519,49.0557470327837,55.0161875100971,41.5027170713603,58.7139781551407,47.4267246678506,65.9656197631234,1485.38018885134,Sub-Saharan Africa 
Bolivia,BOL,2024,8553476.0,Latin America & Caribbean (excluding high income),Lower middle income,0.568490527,0.534880593,0.199779285,53.4638307501513,60.3300944738612,45.5603933987213,64.3795839566536,35.7767584115646,66.7000735025256,4421.16609889999,Latin America & Caribbean 
Bosnia and Herzegovina,BIH,2024,2764009.0,Europe & Central Asia (excluding high income),Upper middle income,0.774588923,0.774588923,,75.7475848321622,79.2625398663884,70.3836261798032,82.1463467698178,53.8036260216178,90.2960567775263,9358.78768951134,Europe & Central Asia
Botswana,BWA,2024,1679590.0,Sub-Saharan Africa (excluding high income),Upper middle income,0.614384691,0.416043564,0.516178157,59.6866154697314,63.5502088098335,49.4372680058526,69.3996817259625,52.0096971067019,65.8584095790973,7695.75319445165,Sub-Saharan Africa 
Brazil,BRA,2024,169047814.0,Latin America & Caribbean (excluding high income),Upper middle income,0.863811782,0.855727692,0.581666157,82.2763902255203,90.853585329865,78.0975446578644,91.8922107287555,71.6929943652081,93.5431124318702,10310.5488778166,Latin America & Caribbean 
Bulgaria,BGR,2024,5509377.0,Europe & Central Asia (excluding high income),Upper middle income,0.84724395,0.84724395,,85.0429744458305,84.369484033824,77.655004985327,89.4347563808868,58.0861482875189,91.7009244542672,17596.0173663521,Europe & Central Asia
Burkina Faso,BFA,2024,13262560.0,Sub-Saharan Africa (excluding high income),Low income,0.514274912,0.205498915,0.441573641,43.9890405155106,59.7853698647921,38.5347843936538,60.0238737184782,45.0746148949737,74.9542623117149,981.992649769081,Sub-Saharan Africa 
Cambodia,KHM,2024,12177453.0,East Asia & Pacific (excluding high income),Lower middle income,0.390314429,0.372688785,0.168896941,36.7988836964306,41.5805707422137,28.1273292851866,46.3195339556785,33.5778460367908,62.8262340389715,2627.87969756224,East Asia & Pacific
Cameroon,CMR,2024,16524096.0,Sub-Saharan Africa (excluding high income),Lower middle income,0.608737909,0.209972994,0.550654518,52.8996933484284,69.3553577956512,44.8919869724807,71.5008862833248,44.5698910414234,77.265931270629,1830.00833684727,Sub-Saharan Africa 
Canada,CAN,2024,33960981.0,High income,High income,0.984047126,0.984047126,,98.7513672334689,98.0567378578269,98.6214334795616,98.2605668641953,100.0,98.4837642577956,54340.3477224733,North America
Chad,TCD,2024,10289880.0,Sub-Saharan Africa (excluding high income),Low income,0.208983599,0.150020898,0.133358944,20.1401531546613,21.6937637839192,21.0676398615485,20.7856126019284,18.3470322270644,41.983261515031,961.55975562506,Sub-Saharan Africa 
Chile,CHL,2024,16241277.0,High income,High income,0.850691778,0.850691778,,83.1703645529934,87.0892601301665,75.3603235793929,91.5259074392891,66.2858067902049,91.3962278513464,16709.8893972307,Latin America & Caribbean 
China,CHN,2024,1176678702.0,East Asia & Pacific (excluding high income),Upper middle income,0.89383032,0.89383032,,89.2021200745424,89.5550580073499,82.7432333438411,93.8015738218757,84.4097441140546,94.4530338656865,13303.1481543868,East Asia & Pacific
Colombia,COL,2024,41544122.0,Latin America & Caribbean (excluding high income),Upper middle income,0.570594856,0.433789765,0.391465593,50.9915484901848,63.6600565851691,42.9248421374649,66.4939466930288,36.2169124867103,64.5053110770092,7919.20886825345,Latin America & Caribbean 
Comoros,COM,2024,532331.0,Sub-Saharan Africa (excluding high income),Lower middle income,0.454593974,0.408476637,0.140937863,41.8394427057053,49.6024719511375,35.0109004446953,52.4204683962579,42.8157348161451,48.4504867168151,1662.75663312504,Sub-Saharan Africa 
"Congo, Dem. Rep.",COD,2024,57033055.0,Sub-Saharan Africa (excluding high income),Low income,0.392140115,0.135068648,0.351182388,33.4561427829617,44.5944458590314,26.5410578898936,47.6624830131691,20.2990088577027,46.8452967546171,649.383338556725,Sub-Saharan Africa 
"Congo, Rep.",COG,2024,3655093.0,Sub-Saharan Africa (excluding high income),Lower middle income,0.555760388,0.147200014,0.515921177,50.5916393453064,60.5586391455265,41.7082699764933,64.8105386376969,41.5459904367302,66.3434229182466,2482.2489948456,Sub-Saharan Africa 
Costa Rica,CRI,2024,4118576.0,Latin America & Caribbean (excluding high income),Upper middle income,0.713527071,0.713527071,,68.2829497651369,74.5207849178286,62.8158143627092,77.0355519866568,53.537492398604,81.0607807718616,18587.1532203482,Latin America & Caribbean 
Cote d'Ivoire,CIV,2024,18301587.0,Sub-Saharan Africa (excluding high income),Lower middle income,0.57567627,0.168252205,0.533817788,53.8175498364075,61.2027446506055,43.526253371749,66.9277520980539,49.4886789469068,75.037189495848,2727.8935220697,Sub-Saharan Africa 
Croatia,HRV,2024,3313982.0,High income,High income,0.926404988,0.926404988,,92.0623021221886,93.2809278566284,87.6323883407511,95.9709470026774,71.4641662507071,98.3126962727022,24050.4397933135,Europe & Central Asia
Cyprus,CYP,2024,1129055.0,High income,High income,0.961259313,0.961259313,,98.030865941963,94.2661652599799,94.1780470487871,97.4302689975268,99.2932159905865,95.9011797907229,38674.29296875,Europe & Central Asia
Czechia,CZE,2024,9161251.0,High income,High income,0.922832885,0.922832885,,89.6799815747657,94.9873961522011,85.6046020555067,96.70520540927,74.7505327942407,94.8443525817478,31823.3078290564,Europe & Central Asia
Denmark,DNK,2024,5003352.0,High income,High income,0.986505141,0.986505141,,98.1098068895589,99.1898637549239,97.7544565980559,99.2463886530811,100.0,98.595093327585,71026.4832271897,Europe & Central Asia
Dominican Republic,DOM,2024,8281568.0,Latin America & Caribbean (excluding high income),Upper middle income,0.647779639,0.632920319,0.180158284,61.4376464055556,68.2420115558674,52.9502779958097,72.6289032823007,49.6430092514148,73.4886801352593,10875.6618443092,Latin America & Caribbean 
Ecuador,ECU,2024,13484219.0,Latin America & Caribbean (excluding high income),Upper middle income,0.645052104,0.639477053,0.100848646,63.5126837380937,65.5985687316865,56.4453858938692,69.8771073200755,50.0900332207873,72.077355955035,6874.705739766,Latin America & Caribbean 
"Egypt, Arab Rep.",EGY,2024,77385958.0,Middle East & North Africa (excluding high income),Lower middle income,0.431134368,0.352735535,0.156072041,40.2142182329493,45.9509692862618,33.080949427223,49.7821903737145,38.465775192039,48.316807636606,3338.47371395895,"Middle East, North Africa, Afghanistan & Pakistan"
El Salvador,SLV,2024,4718943.0,Latin America & Caribbean (excluding high income),Lower middle income,0.434036649,0.428629057,0.058435819,34.4359210784078,54.692513354909,24.7330513543203,55.8448627077973,36.5077190923242,56.7958580555388,5579.65969165029,Latin America & Caribbean 
Estonia,EST,2024,1151475.0,High income,High income,0.989011091,0.989011091,,99.7660187107038,97.9279393113948,98.0471531434544,99.4701575690419,96.6937364545843,99.3894418016447,31428.3547816104,Europe & Central Asia
Eswatini,SWZ,2024,816208.0,Sub-Saharan Africa (excluding high income),Lower middle income,0.651160267,0.431356222,0.504069176,65.3509471878412,64.809563032207,54.4790274550679,72.2174466814621,59.6975068525002,69.9289637512945,3909.55892378182,Sub-Saharan Africa 
Ethiopia,ETH,2024,78031387.0,Sub-Saharan Africa (excluding high income),Low income,0.488302768,0.484704021,0.094548896,41.6159713320994,56.5265673875994,42.5762685391233,52.9919326224592,41.729944069262,79.952447680989,1133.88279681719,Sub-Saharan Africa 
Finland,FIN,2024,4749954.0,High income,High income,0.998426818,0.998426818,,99.6891240901934,100.0,100.0,99.7377296216944,100.0,99.7926317518739,53149.7671934051,Europe & Central Asia
France,FRA,2024,56825584.0,High income,High income,0.991902372,0.991902372,,99.848494933374,98.4892614438192,98.7136082123328,99.5083961213691,98.0800344270783,99.3608082898503,46103.0840855884,Europe & Central Asia
Gabon,GAB,2024,1573811.0,Sub-Saharan Africa (excluding high income),Upper middle income,0.681812563,0.248315312,0.616415501,63.7213310835604,72.417329210808,59.956979111285,73.6690786646814,58.1118867189379,78.206881213861,8230.04311451151,Sub-Saharan Africa 
"Gambia, The",GMB,2024,1598990.0,Sub-Saharan Africa (excluding high income),Low income,0.381609042,0.308469116,0.190885438,34.8624918566457,41.7268890189075,34.4089976084921,40.6598827195065,26.434029718765,55.0348961632985,871.340291776294,Sub-Saharan Africa 
Georgia,GEO,2024,2933716.0,Europe & Central Asia (excluding high income),Upper middle income,0.788236411,0.788236411,,81.2949686953077,75.9235668308751,69.1241033260113,85.2884297115512,52.0302386858618,82.2820679585006,9241.49122313713,Europe & Central Asia
Germany,DEU,2024,71691113.0,High income,High income,0.982983236,0.982983236,,98.873065264332,97.6782654275893,98.5525412015415,98.1287844376437,100.0,98.1929166907385,56103.7323182554,Europe & Central Asia
Ghana,GHA,2024,21563813.0,Sub-Saharan Africa (excluding high income),Lower middle income,0.812430252,0.387411034,0.782813635,78.3104466801133,84.4194236475985,69.5783204095408,89.0315781082249,67.88099013833,89.3603080489269,2390.77237652715,Sub-Saharan Africa 
Greece,GRC,2024,8991800.0,High income,High income,0.885519759,0.885519759,,84.0948713682466,93.2644888438885,79.597500484544,94.5266580395786,80.6661969723101,89.5541648826708,24626.1481858973,Europe & Central Asia
Guatemala,GTM,2024,12299923.0,Latin America & Caribbean (excluding high income),Upper middle income,0.382819484,0.375315801,0.03300105,32.5013354493048,44.6496505663004,28.3362046477051,44.8814148458965,28.4234840229176,50.0904765752146,6150.02571438505,Latin America & Caribbean 
Guinea,GIN,2024,8464230.0,Sub-Saharan Africa (excluding high income),Low income,0.36048025,0.169033571,0.258219395,31.2380546293167,40.8599709353785,29.3012686641546,40.5177154215811,29.1834302604183,63.4669777457274,1694.95375862193,Sub-Saharan Africa 
Honduras,HND,2024,7345357.0,Latin America & Caribbean (excluding high income),Lower middle income,0.424429707,0.39273054,0.108892565,34.0839092123123,52.7899759195543,33.70730362306,48.2404991347721,32.5856754067295,61.4884162358046,3426.43483328923,Latin America & Caribbean 
"Hong Kong SAR, China",HKG,2024,6729811.0,High income,High income,0.973080247,0.973080247,,96.7510977577504,97.9944921224797,93.7664847121074,99.6574393780457,93.4275524548894,98.4932713001205,54074.6928519479,East Asia & Pacific
Hungary,HUN,2024,8202714.0,High income,High income,0.869605631,0.869605631,,83.709713865767,90.5416666845822,78.8623054417773,92.3576075400005,72.4452650984766,89.9129184767456,23292.3263882478,Europe & Central Asia
Iceland,ISL,2024,322325.0,High income,High income,0.998548358,0.998548358,,99.7045440269947,100.0,100.0,99.758129016103,100.0,99.7740688015962,86040.5309851288,Europe & Central Asia
India,IND,2024,1077731602.0,South Asia (excluding high income),Lower middle income,0.890248225,0.886553603,0.231007554,89.2482328079147,88.8052472379392,86.3166812876253,90.8311710525466,87.0775161460382,93.1356957731427,2694.73780859961,South Asia
Indonesia,IDN,2024,211076339.0,East Asia & Pacific (excluding high income),Lower middle income,0.563278494,0.523919069,0.220129024,58.0308451514518,54.6388118836053,48.4188044924569,61.5891424502096,37.6382055660655,68.3276706855368,4925.43048751861,East Asia & Pacific
"Iran, Islamic Rep.",IRN,2024,69914781.0,Middle East & North Africa (excluding high income),Lower middle income,0.910610045,0.910610045,0.131040105,86.7880629225257,95.3254505893739,86.8646774136072,93.8593399852516,83.5549189709626,94.1351572731291,5190.16959024821,"Middle East, North Africa, Afghanistan & Pakistan"
Iraq,IRQ,2024,28355455.0,Middle East & North Africa (excluding high income),Upper middle income,0.301610518,0.282661963,0.118649863,18.8101424848699,40.7785224794308,20.2214445724835,36.7811554429236,19.8681618947349,42.2564666797766,6073.61032342708,"Middle East, North Africa, Afghanistan & Pakistan"
Ireland,IRL,2024,4298252.0,High income,High income,0.982929182,0.982929182,,96.9297997806724,99.6508190397291,99.0245742017698,97.8051699617657,92.9210412523047,98.5504330618525,112894.953240805,Europe & Central Asia
Israel,ISR,2024,7062352.0,High income,High income,0.892691974,0.892691974,,88.0997205658934,90.4755385428348,80.3519531382311,95.2144131110401,70.5506295977132,90.1348814700177,54176.6844383302,"Middle East, North Africa, Afghanistan & Pakistan"
Italy,ITA,2024,51829051.0,High income,High income,0.860191093,0.860191093,,79.7946783289735,92.6338802740803,82.1215678248643,88.5999558685771,74.5881587033891,94.4796602775869,40385.3413957669,Europe & Central Asia
Japan,JPN,2024,110011344.0,High income,High income,0.985235592,0.985235592,,98.723135316154,98.3131609217015,97.6785123935915,99.0854185347709,97.5868079174503,98.8620554132254,32487.0778047567,East Asia & Pacific
Jordan,JOR,2024,7867178.0,Middle East & North Africa (excluding high income),Upper middle income,0.464573138,0.395770643,0.205639167812616,36.2234645848992,55.9196759817473,35.7152731126413,53.6178921345115,37.8853728938152,48.4374629257723,4618.09592498567,"Middle East, North Africa, Afghanistan & Pakistan"
Kazakhstan,KAZ,2024,14324777.0,Europe & Central Asia (excluding high income),Upper middle income,0.870486447,0.84197223,0.488575255,85.7420594770372,88.5002867646321,83.3413414717717,89.5146092807647,58.0864652855816,91.2365697346181,14154.6324958076,Europe & Central Asia
Kenya,KEN,2024,34616135.0,Sub-Saharan Africa (excluding high income),Lower middle income,0.901199174,0.454278444,0.874994113,86.5155344015748,93.8895090496553,83.8761640610762,94.2665957730421,81.6639771317455,94.2597629382282,2132.43452097647,Sub-Saharan Africa 
"Korea, Rep.",KOR,2024,46039322.0,High income,High income,0.968949449,0.96743749,0.601022033,97.1396146066269,96.6472206696843,94.1886846132518,98.6932211942982,87.409430015156,98.6856130151133,36238.639908315,East Asia & Pacific
Kosovo,XKX,2024,1382360.0,Europe & Central Asia (excluding high income),Upper middle income,0.641617722,0.641617722,,59.7945017831686,68.7587019450215,66.6871161691135,62.4781675623885,59.8441169843768,69.6424096949818,7023.06598512878,Europe & Central Asia
Kuwait,KWT,2024,3950546.0,High income,High income,0.744578561,0.744578561,,71.4890462652269,76.0569953890037,63.6048709496818,81.694544625606,57.3478608172479,76.1196680526543,32717.7186631255,"Middle East, North Africa, Afghanistan & Pakistan"
Kyrgyz Republic,KGZ,2024,4780143.0,Europe & Central Asia (excluding high income),Lower middle income,0.722642376,0.699585473,0.310351086,71.235055996936,73.3780750915794,65.5888049897545,76.6989988232727,50.4794589409373,75.8871883080716,2420.18542283831,Europe & Central Asia
Lao PDR,LAO,2024,5322750.0,East Asia & Pacific (excluding high income),Lower middle income,0.376501969,0.372299012,0.118384277,43.5865025443192,31.7099790252873,18.2733611108504,50.5576529246622,27.3433718636427,62.2374310460403,2123.97909415109,East Asia & Pacific
Latvia,LVA,2024,1582835.0,High income,High income,0.9497331,0.9497331,,95.4063945490497,94.4387277334092,91.6439398308994,97.1909689409365,85.6687002281525,97.4694202455323,23409.0845154775,Europe & Central Asia
Lebanon,LBN,2024,4231057.0,Middle East & North Africa (excluding high income),Lower middle income,0.230438576,0.215510155,0.027158979,15.3395918766117,31.0250951995699,17.553656509439,26.6905852148665,16.1716133789038,26.2776482829298,,"Middle East, North Africa, Afghanistan & Pakistan"
Lesotho,LSO,2024,1504222.0,Sub-Saharan Africa (excluding high income),Lower middle income,0.615710445,0.335292031,0.534728195,60.4259618948848,62.9153027155964,,,56.3537449556573,69.0843174558857,971.90771824829,Sub-Saharan Africa 
Liberia,LBR,2024,3295997.0,Sub-Saharan Africa (excluding high income),Low income,0.522139331,0.138832556,0.475292537,46.2794636646139,58.1311446969649,43.0083046077259,58.3549854533545,42.0683476020985,72.9690482645455,851.497723870206,Sub-Saharan Africa 
Libya,LBY,2024,5262910.0,Middle East & North Africa (excluding high income),Upper middle income,0.331190908,0.331190908,,24.6960239810713,41.4206818482174,30.0230794011172,35.1818772108942,20.8789801452244,35.5551338538791,6569.16408678648,"Middle East, North Africa, Afghanistan & Pakistan"
Lithuania,LTU,2024,2444088.0,High income,High income,0.989947156,0.989947156,,98.4001545389899,99.6487186965706,97.7831157645526,99.7989892727659,100.0,98.8891834591137,29384.0189598663,Europe & Central Asia
Madagascar,MDG,2024,18851036.0,Sub-Saharan Africa (excluding high income),Low income,0.244501397,0.094532663,0.193550167,20.2965184252509,28.9510608133895,14.1117475374701,31.3389340519769,16.6835993474644,48.9745880544417,544.987501003384,Sub-Saharan Africa 
Malawi,MWI,2024,12384937.0,Sub-Saharan Africa (excluding high income),Low income,0.503696725,0.12406691,0.473991978,46.2797708427249,54.8354765985818,38.0829684230523,58.5605303613341,43.3106836276267,72.106604968159,522.570393642547,Sub-Saharan Africa 
Malaysia,MYS,2024,27297352.0,East Asia & Pacific (excluding high income),Upper middle income,0.886918012,0.87183103,0.445049317,88.2264701684302,89.1413579480248,82.0441782944544,93.1284043274747,74.4397136763991,92.4534292521765,11874.4273684245,East Asia & Pacific
Mali,MLI,2024,12725942.0,Sub-Saharan Africa (excluding high income),Low income,0.547454806,0.184475281,0.483876159,45.6045965708999,64.185279812671,45.4853738151214,60.9026764966276,48.7312464777965,77.7268667367451,1094.61949265799,Sub-Saharan Africa 
Malta,MLT,2024,480050.0,High income,High income,0.965581295,0.965581295,,96.0512328002859,97.0301617715661,93.4254898314504,98.6438217819116,88.2447080502285,97.2371393593077,43898.5781808597,"Middle East, North Africa, Afghanistan & Pakistan"
Mauritania,MRT,2024,2860979.0,Sub-Saharan Africa (excluding high income),Lower middle income,0.27314261,0.27314261,,24.6801310105525,30.2658938456615,24.3259402241594,29.308038022734,21.3184896184446,44.3631831049748,2110.12036938187,Sub-Saharan Africa 
Mauritius,MUS,2024,1070318.0,Sub-Saharan Africa (excluding high income),Upper middle income,0.89598448,0.895179808,0.101270672,87.44277026075,91.7832047664155,86.3341061612645,91.7740753618116,84.0962831484244,93.4463122804306,11990.7798944837,Sub-Saharan Africa 
Mexico,MEX,2024,97411242.0,Latin America & Caribbean (excluding high income),Upper middle income,0.530320833,0.52389107,0.104373885,47.4017009910959,59.1387643464686,39.604436945858,61.9710694395068,35.2367921698715,60.8992291617309,14185.7812248529,Latin America & Caribbean 
Moldova,MDA,2024,1966418.0,Europe & Central Asia (excluding high income),Upper middle income,0.555442493,0.555442493,,54.547891632053,56.690862731554,43.5496377819456,63.5385507213282,38.4001319181705,56.9653613732781,7576.19589413326,Europe & Central Asia
Mongolia,MNG,2024,2344987.0,East Asia & Pacific (excluding high income),Lower middle income,0.982787008,0.982178824,0.640304314,98.9739436798409,97.5086522078017,97.3968423935397,98.866409516205,95.1893884267782,99.4898963815167,6750.6301157724,East Asia & Pacific
Montenegro,MNE,2024,503215.0,Europe & Central Asia (excluding high income),Upper middle income,0.754116297,0.754116297,,73.3747524585654,77.5678116655159,66.7159776755659,81.2114791836925,41.9977774580032,89.0632290128803,13263.3281277699,Europe & Central Asia
Morocco,MAR,2024,27893979.0,Middle East & North Africa (excluding high income),Lower middle income,0.443863291,0.424611317,0.058756973,34.6828902547469,54.6311625939388,41.2388909006007,46.4830016125998,38.9193875691187,54.5208300275563,4153.1943359375,"Middle East, North Africa, Afghanistan & Pakistan"
Mozambique,MOZ,2024,18581790.0,Sub-Saharan Africa (excluding high income),Low income,0.543852875,0.250840349,0.45720986,45.4883633087181,63.3549962118332,35.307869498617,67.0790731001974,45.6654822603826,81.765569501637,656.776824637306,Sub-Saharan Africa 
Namibia,NAM,2024,1858089.0,Sub-Saharan Africa (excluding high income),Upper middle income,0.729187673,0.626974954,0.484473581,75.0382248106692,70.659277654642,59.9327543605384,81.5282445797459,64.6481060578176,77.8438200603319,4413.12752211572,Sub-Saharan Africa 
Nepal,NPL,2024,21168213.0,South Asia (excluding high income),Lower middle income,0.599911157,0.575256881,0.105834365,59.7778342772083,60.2270903422122,53.0095282322869,64.6403454077327,57.0633060524272,68.7669106284418,1447.31004458428,South Asia
Netherlands,NLD,2024,15164931.0,High income,High income,0.991715123,0.991715123,,99.2546198217458,99.0871076242509,98.2593267814023,99.7758337380223,95.8856565393996,99.4828752071692,67520.4218956281,Europe & Central Asia
New Zealand,NZL,2024,4263369.0,High income,High income,0.978647564,0.978647564,,98.5351611403082,97.163339063554,96.8077986231673,98.566561701393,96.492125506117,98.8001268108958,49205.1792146792,East Asia & Pacific
Nicaragua,NIC,2024,4830854.0,Latin America & Caribbean (excluding high income),Lower middle income,0.234705927,0.215052816,0.080878133,21.2320804665929,25.9574488414034,19.5936528210773,26.0566214546751,13.2708967899659,33.4624506860196,2847.53966339498,Latin America & Caribbean 
Niger,NER,2024,13873697.0,Sub-Saharan Africa (excluding high income),Low income,0.148268992,0.126669936,0.057003706,12.2030464030006,17.6139562058255,17.5059704418951,13.0527270463925,13.5414073423134,36.4873333394023,735.270255787226,Sub-Saharan Africa 
Nigeria,NGA,2024,133329232.0,Sub-Saharan Africa (excluding high income),Lower middle income,0.632613514,0.597277056,0.327907521,52.2155914465012,74.302879584059,46.7443880832654,74.2769862838096,42.1862354000244,79.6714034471371,1084.16041805436,Sub-Saharan Africa 
North Macedonia,MKD,2024,1515847.0,Europe & Central Asia (excluding high income),Upper middle income,0.842548649,0.842548649,,77.229493719316,91.5870835011346,78.3945632616455,88.1502620263479,65.6133114409021,93.7862973251623,9291.85661671864,Europe & Central Asia
Norway,NOR,2024,4608487.0,High income,High income,0.985561571,0.985561571,,97.8239340560655,99.2709876923463,97.7236874330182,99.1120206688754,97.3865938607033,98.8286252319689,86785.4334489176,Europe & Central Asia
Oman,OMN,2024,3775451.0,High income,High income,0.695361597,0.695361597,,67.0832725695516,70.7083967351425,67.4150180357039,70.9499196515117,54.7541406202193,74.8711818822968,20285.2272897377,"Middle East, North Africa, Afghanistan & Pakistan"
Pakistan,PAK,2024,155833628.0,South Asia (excluding high income),Lower middle income,0.272960072,0.18281262,0.183578643,11.9121696598431,42.2935435576169,13.6062537929128,36.4061624872429,18.9106980665209,46.6859995768197,1478.77277977996,"Middle East, North Africa, Afghanistan & Pakistan"
Panama,PAN,2024,3331755.0,High income,High income,0.640952131,0.608679812,0.380533533,58.1187550543733,70.391512048608,45.4815775753491,76.5155782281593,41.8878748138697,70.3648328627176,19161.2188501596,Latin America & Caribbean 
Paraguay,PRY,2024,4874331.0,Latin America & Caribbean (excluding high income),Upper middle income,0.60916761,0.455472583,0.359483793,60.1097092799532,61.7674730808885,50.0776335460214,68.1355834321901,48.1488589431053,69.8155485323729,6416.09708970845,Latin America & Caribbean 
Peru,PER,2024,25601447.0,Latin America & Caribbean (excluding high income),Upper middle income,0.593098978,0.498244622,0.42497337,56.1785669335632,62.4782758669515,44.6241136416496,69.0577748657614,29.636960601098,66.5090547558496,8452.37167056621,Latin America & Caribbean 
Philippines,PHL,2024,82023644.0,East Asia & Pacific (excluding high income),Lower middle income,0.501824221,0.335357459,0.288000006,57.1016109576105,43.0424000013443,34.4399006408424,60.6849094992164,33.6218005767594,57.9031088518301,3984.8315387656,East Asia & Pacific
Poland,POL,2024,31148749.0,High income,High income,0.861367118,0.861367118,,86.3296733689659,85.9243017950635,80.0821560050964,90.1625577495388,51.0695031242376,92.2050592633483,25103.565661423,Europe & Central Asia
Portugal,PRT,2024,9214262.0,High income,High income,0.913973441,0.913973441,,88.166050754656,94.7574332041775,87.698375834765,93.8593786305053,80.9267698148588,95.3972857756561,29292.242104753,Europe & Central Asia
Romania,ROU,2024,16033507.0,High income,High income,0.713366719,0.713366719,,69.8503015757801,72.9467014858712,55.4182775439009,81.9551402457898,41.029929138885,80.2727804814187,20080.2096215595,Europe & Central Asia
Russian Federation,RUS,2024,118635010.0,Europe & Central Asia (excluding high income),Upper middle income,0.793421267,0.792440189,0.058176187,77.2673546557224,81.6495846664745,70.6261391166153,85.1523932813798,62.7570684172578,81.3682355856549,14889.0185546875,Europe & Central Asia
Saudi Arabia,SAU,2024,25248449.0,High income,High income,0.788409517,0.779538335,0.365012282,73.461901464919,81.8127654266595,74.6153434071134,81.6639368017645,66.6383140653873,79.316214986013,35121.6628687742,"Middle East, North Africa, Afghanistan & Pakistan"
Senegal,SEN,2024,11094279.0,Sub-Saharan Africa (excluding high income),Lower middle income,0.764609257,0.480495953,0.66912649,73.5941345823606,79.6122559003812,68.994436090772,81.436888359536,73.6146089346462,84.2715537594639,1773.21829923448,Sub-Saharan Africa 
Serbia,SRB,2024,5672737.0,Europe & Central Asia (excluding high income),Upper middle income,0.832544459,0.832544459,,81.0618186013879,85.6546923214992,75.1389893523283,88.6506363075502,60.3410362424749,90.351375469278,13679.2065983557,Europe & Central Asia
Sierra Leone,SLE,2024,5200533.0,Sub-Saharan Africa (excluding high income),Low income,0.386205211,0.150133412,0.321957258,35.9347203423534,41.4790318962968,27.4565690881933,46.0586413806671,26.659190137757,59.0263950441918,806.654650417726,Sub-Saharan Africa 
Singapore,SGP,2024,5220107.0,High income,High income,0.979718288,0.978190915,0.564689659,97.6078339751686,98.3229188456466,95.7614657643224,99.4491241950911,87.6332291567375,98.6803833171565,90674.066632628,East Asia & Pacific
Slovak Republic,SVK,2024,4563499.0,High income,High income,0.922151185,0.922151185,,91.0941403563605,93.4077744964987,87.0148493589641,95.6829649951871,50.41462849814,95.285325961801,25992.6748502048,Europe & Central Asia
Slovenia,SVN,2024,1803880.0,High income,High income,0.987472573,0.987472573,,98.9427575733679,98.5393342994632,98.0833524484911,99.1895165790719,98.6317804316182,98.8031893185293,34301.0318686594,Europe & Central Asia
South Africa,ZAF,2024,46723498.0,Sub-Saharan Africa (excluding high income),Upper middle income,0.811259662,0.784330264,0.316232017,80.9924154358395,81.2787434862317,74.2156414653987,84.8469759306096,63.720981851365,85.6599222436322,6267.186814093,Sub-Saharan Africa 
Spain,ESP,2024,41937630.0,High income,High income,0.983807416,0.983807416,,97.8029322469363,98.9857786260021,98.7573470200723,98.1305692720436,97.63025953601,98.8725177528545,35326.7683069278,Europe & Central Asia
Sri Lanka,LKA,2024,17109247.0,South Asia (excluding high income),Lower middle income,0.816921294,0.812270146,0.029961648,80.201889490679,83.3833352312595,80.186232208266,82.6966067816372,75.6525964851497,84.4889282883542,4515.56787322732,South Asia
Sweden,SWE,2024,8719085.0,High income,High income,0.985654945,0.985654945,,97.6051609665946,99.501175617033,96.6188778443266,99.8632519590624,89.9102552437547,98.7656605971835,57117.4877440616,Europe & Central Asia
Switzerland,CHE,2024,7553903.0,High income,High income,0.984123097,0.984123097,,97.6132030221954,99.2322131762524,98.2819631242269,98.4989382317854,100.0,98.1984221547635,103998.186685604,Europe & Central Asia
"Taiwan, China",TWN,2024,20437095.0,High income,High income,0.956207099,0.956207099,,,,,,,,,
Tajikistan,TJK,2024,6596875.0,Europe & Central Asia (excluding high income),Lower middle income,0.545193771,0.524742715,0.144302101,46.9005362710827,62.5557724693504,49.9650557404033,57.5514616194339,43.5802725818182,58.5541160661076,1341.20229027672,Europe & Central Asia
Tanzania,TZA,2024,38155970.0,Sub-Saharan Africa (excluding high income),Lower middle income,0.598275253,0.219441734,0.528539837,54.9346318215236,65.3362469372565,50.8519090423491,65.7966603936744,54.1501416450898,78.1227103959748,1186.71691894531,Sub-Saharan Africa 
Thailand,THA,2024,60882768.0,East Asia & Pacific (excluding high income),Upper middle income,0.918249815,0.911189014,0.416773814,92.7000685235119,90.918244759467,91.1856150388769,92.2500728699359,91.0017346016231,93.9332708290935,7346.62022142185,East Asia & Pacific
Togo,TGO,2024,5593530.0,Sub-Saharan Africa (excluding high income),Low income,0.574329534,0.324420271,0.479918379,45.3494825153525,69.9999828165192,43.6513631462085,66.5981569347629,48.3004244617773,72.5910238637625,1119.38160509429,Sub-Saharan Africa 
Trinidad and Tobago,TTO,2024,1120989.0,High income,High income,0.745920641,0.745920641,,73.2927431144278,75.869999628906,73.9723506545314,75.0028438309011,62.1396540853468,80.9946042385198,18733.4110406494,Latin America & Caribbean 
Tunisia,TUN,2024,9219268.0,Middle East & North Africa (excluding high income),Lower middle income,0.37844486,0.37737117,0.026456293,26.6074987294777,49.5665996567354,21.6558127729451,48.6150220019225,28.6065551972747,45.8258014849128,4181.13789301228,"Middle East, North Africa, Afghanistan & Pakistan"
Turkiye,TUR,2024,66691005.0,Europe & Central Asia (excluding high income),Upper middle income,0.815545478,0.815082105,0.233225246,71.6675500449687,91.6080831238213,75.5367583458805,85.5567256187198,70.295002174836,84.7600121091497,15892.7157287241,Europe & Central Asia
Uganda,UGA,2024,27277834.0,Sub-Saharan Africa (excluding high income),Low income,0.728273758,0.261733237,0.677382954,66.3670902474203,80.2678606568995,66.8868869234163,76.7587317463283,64.8079887063478,80.2038805875702,1077.91278452817,Sub-Saharan Africa 
Ukraine,UKR,2024,32338724.0,Europe & Central Asia (excluding high income),Lower middle income,0.875812259,0.875812259,,83.8855969447319,91.5174220952965,81.5206322830376,91.6087600580828,84.0104630508427,87.7857352580196,5389.47314453125,Europe & Central Asia
United Kingdom,GBR,2024,56450851.0,High income,High income,0.992843093,0.992843093,,99.2689870562959,99.3005630735761,100.0,98.8073284000879,100.0,99.2375399538752,53246.3676145108,Europe & Central Asia
United States,USA,2024,275987833.0,High income,High income,0.970230983,0.970230983,,97.1092143262693,96.9368554605958,95.5767682441686,97.982796115914,92.7320585202772,97.1209790457057,84534.0407841548,North America
Uruguay,URY,2024,2755004.0,High income,High income,0.737451276,0.737451276,,73.2856919264603,74.2464297281832,62.8504097371847,80.9982571695999,60.4552359826769,86.2754731203571,23906.5133029408,Latin America & Caribbean 
Uzbekistan,UZB,2024,24646062.0,Europe & Central Asia (excluding high income),Lower middle income,0.59658383,0.59658383,,60.7039265407325,58.5397971163848,61.6991328968796,58.2973903436592,39.259012572243,63.8574734489712,3161.70010632875,Europe & Central Asia
"Venezuela, RB",VEN,2024,20899114.0,Latin America & Caribbean (excluding high income),Upper middle income,0.873184628,0.863742959,0.337396759,87.7033336249902,86.9300365024269,84.4291999175201,89.2479407782685,79.1494147346836,90.5329126474792,4217.59102643391,Latin America & Caribbean 
Viet Nam,VNM,2024,76663207.0,East Asia & Pacific (excluding high income),Lower middle income,0.705507534,0.698541923,0.38723284,69.8844155477409,71.2493314689508,48.1091971005892,85.4862530324906,33.4836318159282,75.2195263581733,4717.29028732449,East Asia & Pacific
West Bank and Gaza,PSE,2024,3183655.0,Middle East & North Africa (excluding high income),Lower middle income,0.396209836,0.386652297,0.061631687,27.7345491731852,51.181464130948,33.1063553167404,43.9652343227868,34.5955293978022,40.6868231680592,2592.30591217647,"Middle East, North Africa, Afghanistan & Pakistan"
Zambia,ZMB,2024,12029200.0,Sub-Saharan Africa (excluding high income),Low income,0.727024246,0.240723734,0.693107513,70.172074871881,75.4614346484177,58.7956699275909,81.9480490077803,61.9882588828619,84.2771295174334,1187.10943350064,Sub-Saharan Africa 
Zimbabwe,ZWE,2024,9588258.0,Sub-Saharan Africa (excluding high income),Lower middle income,0.495216018,0.215661531,0.433317369,46.9940182067327,52.4013370486159,38.2144157150038,57.0495586087754,33.8236387289404,59.3619449304381,2497.20332208763,Sub-Saharan Africa 
world,WLD,2024,,,,0.787424041,0.753073502,0.159704052,76.6330384569803,80.855243699571,72.3612993688464,82.9868149094254,69.6263075978138,85.6061089250876,,
Developing economies,LMY,2024,,,,0.754463783,0.713223553,0.183480079,72.9736032719058,77.9199866543082,68.1859783076364,80.2730820413295,69.0736528503406,81.6875647293692,,
East Asia & Pacific (excluding high income),EAP,2024,,,,0.83343266,0.821925209,0.069058118,83.5134062746718,83.1789669897992,75.7404774291362,88.4031977626933,78.1518977239896,87.9750481216341,,
Europe & Central Asia (excluding high income),ECA,2024,,,,0.778490635,0.775779213,0.106686028,73.9368697000325,82.0695960656749,71.1239633148779,82.3266486984413,60.2330651887195,80.8888483388038,,
Middle East & North Africa (excluding high income),MNA,2024,,,,0.529089187,0.49974486,0.10709366,45.6286015667673,60.0897775750715,45.9034386759063,57.5725753292588,42.3637564716053,60.5939974483951,,
Sub-Saharan Africa (excluding high income),SSA,2024,,,,0.581823875,0.378459833,0.399929245,52.2979999131369,64.3609216158484,47.1908830912076,65.3784085347402,44.1932536887421,75.3467690896452,,
Latin America & Caribbean (excluding high income),LAC,2024,,,,0.697191455,0.664234704,0.372803921,65.8592671155635,73.9032183931953,59.540238606929,76.4930412099884,52.7047141077996,77.6088311220652,,
South Asia,SAS,2024,,,,0.775683155,0.753220761,0.219287665,75.0596309089595,80.0505159551464,73.2503054944143,80.4348488186772,75.5077118253448,81.3903062559331,,
High income,HIC,2024,,,,0.949131387,0.94858257,0.043055753,,,,,,,,
Low income,LIC,2024,,,,0.464432333,0.257597745,0.317694503,,,,,,,,
Lower middle income,LMC,2024,,,,0.703871704,0.649734164,0.244393827,,,,,,,,
Upper middle income,UMC,2024,,,,0.840421009,0.832392924,0.10648931,,,,,,,,
